﻿{
	"is-c3-addon": true,
	"type": "plugin",
	"name": "My text plugin",
	"id": "MyCompany_TextPlugin",
	"version": "1.0.0.0",
	"author": "Scirra",
	"website": "https://www.construct.net",
	"documentation": "https://www.construct.net",
	"description": "Example custom text drawing Construct 3 plugin.",
	"editor-scripts": [
						"plugin.js",
						"type.js",
						"instance.js"
					],
	"file-list": [
		"c2runtime/runtime.js",
		"lang/en-US.json",
		"aces.json",
		"addon.json",
		"icon.svg",
		"plugin.js",
		"type.js",
		"instance.js"
	]
}